knjiga,nagrada
11,
155,PEN Translation Prize for Richard Pevear &amp; Larissa Volokhonsky (2002)
297,Odyssey Award Nominee (2008)
297,Prêmio Jabuti Nominee for Adaptação (2017)
297,Audie Award for Classic (2008)
536,Missouri Gateway Readers Award (2005)
536,Book Sense Book of the Year Award for Adult Fiction (2003)
536,Orange Prize Nominee for Fiction Longlist (2003)
536,Bram Stoker Award for Best First Novel (2002)
536,British Book Award for Best Read of the Year (2004)
536,Iowa High School Book Award (2005)
536,California Book Award for First Fiction (Silver) (2002)
536,Chicago Tribune Heartland Prize for Fiction (2002)
536,Puddly Award for Fiction (2003)
536,Eliot Rosewater Indiana High School Book Award (2005)
536,South Carolina Book Award for Young Adult Book Award (2005)
536,Lincoln Award Nominee (2005)
929,
1432,Grammy Award Nominee for Best Spoken Word Album (2012)
2619,Премія імені Максима Рильського (1993)
2619,Audie Award for Classic (2010)
2623,Премія імені Максима Рильського (1993)
2623,Audie Award for Classic (2010)
2896,World Fantasy Award for Best Novel (1987)
2896,PEN Translation Prize for John E. Woods (1987)
3437,Booker Prize Nominee for Longlist (2003)
3437,Exclusive Books Boeke Prize (2004)
3437,Zilveren Zoen (2004)
3437,ALA Alex Award (2004)
3437,Dolly Gray Children's Literature Award (2004)
3437,Commonwealth Writers' Prize for Best First Book Overall (2004)
3437,Whitbread Award for Novel and Book of the Year (2003)
3437,Lincoln Award Nominee (2006)
3437,James Tait Black Memorial Prize Nominee for Fiction (2003)
3437,North East Teenage Book Award Nominee (2004)
3437,Carnegie Medal Nominee (2003)
3437,McKitterick Prize (2004)
3437,Los Angeles Times Book Prize for Art Seidenbaum Award for First Fiction (2003)
3437,Guardian Children's Fiction Prize (2003)
3766,Grammy Award Nominee for Best Spoken Word Album (2001)
3835,Premio de traducción literaria Valle Inclán for John Rutherford (2002)
3835,Βραβείο Λογοτεχνικής Μετάφρασης ΕΚΕΜΕΛ for Ισπανόφωνη Λογοτεχνία (2010)
3835,Will Eisner Comic Industry Awards Nominee for Best Adaptation from Another Medium &amp; Best Humor Publication (2014)
4262,
4381,Retro Hugo Award for Best Novel (2004)
4381,California Book Award for Fiction (Silver) (1953)
4381,Geffen Award for Best Translated SF Book (2002)
4381,Prometheus Hall of Fame Award (1984)
4472,
4486,British Book of the Year (1998)
4486,Audie Award for Solo Narration - Female (2000)
4584,William Saroyan International Prize for Writing for Fiction (2003)
4584,PEN/Robert W. Bingham Prize (2004)
4584,Corine Internationaler Buchpreis for Rolf Heyne Buchpreis (2003)
4584,Guardian First Book Award (2002)
4584,New York Public Library Young Lions Fiction Award (2003)
4610,National Book Award Finalist for Fiction (1962)
4937,
4944,California Young Readers Medal Nominee for Primary (1976)
5213,
5507,Luisterboek Award Nominee (2008)
6655,Deutsch-Italienischer Übersetzerpreis (2013)
6655,Премія імені Максима Рильського (1978)
6655,Prêmio Jabuti for Tradução (2000)
6794,Booker Prize Nominee (2004)
6794,Arthur C. Clarke Award Nominee (2005)
6794,Locus Award Nominee for Best SF Novel (2005)
6794,National Book Critics Circle Award Nominee for Fiction (2004)
6794,British Book Award for Best Read of the Year (2005)
6794,Nebula Award Nominee for Best Novel (2004)
6794,Tähtivaeltaja Award Nominee (2009)
6794,Geoffrey Faber Memorial Prize (2005)
6794,James Tait Black Memorial Prize Nominee for Fiction (2004)
7131,
7138,
7178,National Book Award Finalist for Fiction (1952)
7178,Teen Read Award Nominee for Best All-Time-Fave (2010)
7220,Book Sense Book of the Year Award for Paperback (2004)
7220,Orange Prize Nominee for Fiction Longlist (2002)
7220,Missouri Gateway Readers Award Nominee (2005)
7220,Lincoln Award Nominee (2005)
7677,Evergreen Teen Book Award Nominee (1993)
7677,South Carolina Book Award for Young Adult Book (1994)
7677,Soaring Eagle Book Award (1995)
7677,Nevada Young Readers' Award for Young Adult Category  (1993)
7677,Colorado Blue Spruce Young Adult Book Award (1993)
7677,Audie Award for Science Fiction (2016)
7677,Books I Loved Best Yearly (BILBY) Awards for Secondary (1996)
7677,Iowa Teen Award (1995)
7747,
8219,
9030,Book Sense Book of the Year Award Nominee (2004)
9030,Washington State Book Award (2004)
9030,International Horror Guild Award for Nonfiction (2003)
9030,Great Lakes Book Award Nominee for Nonfiction Shortlist (2003)
9030,Edgar Award for Best Fact Crime (2004)
9030,CWA Gold Dagger Award (2003)
9030,Pacific Northwest Booksellers Association Award (2004)
9030,National Book Award Finalist for Nonfiction (2003)
9889,
9961,National Book Critics Circle Award for Fiction (2002)
9961,James Tait Black Memorial Prize Nominee for Fiction (2001)
9961,Commonwealth Writers' Prize for Best Book in South Asia and Europe (2002)
9961,International Dublin Literary Award Nominee (2003)
9961,Los Angeles Times Book Prize for Fiction (2002)
9961,Exclusive Books Boeke Prize (2002)
9961,WH Smith Literary Award (2002)
9961,Booker Prize Nominee (2001)
9961,Deutscher Bücherpreis for Internationale Belletristik (2003)
9961,Premi Llibreter de narrativa Nominee (2003)
10074,Literaturpreis der Jury der jungen Leser for Kinderbuch (2002)
10365,Massachusetts Children's Book Award (1987)
10365,North Dakota Children's Choice Award (1981)
10545,Национална награда „Христо Г. Данов“ for Преводна художествена литература (2004)
11129,
11149,Nautilus Book Award for Audio Books &amp; Spoken Word (2010)
11149,Audie Award for Classic (2000)
11220,
11569,World Fantasy Award Nominee for Best Anthology/Collection (1982)
12147,Mythopoeic Fantasy Award Nominee (1975)
12147,Carnegie Medal (1972)
12147,California Young Readers Medal for Young Adult (1977)
12147,Boston Globe-Horn Book Award (1975)
12147,Guardian Children's Fiction Prize (1973)
12854,
12873,National Book Award for Fiction (1938)
12873,Anthony Award for Best Novel of the Century (2000)
12941,
14050,John W. Campbell Memorial Award Nominee for Best Science Fiction Novel (2005)
14050,British Book Award (2006)
14050,Arthur C. Clarke Award Nominee (2005)
14050,Exclusive Books Boeke Prize (2005)
14050,ALA Alex Award (2004)
14050,Orange Prize Nominee for Fiction Longlist (2004)
14354,West Australian Young Readers' Book Award (WAYRBA) for Older Readers (1996)
15688,PEN Translation Prize for Matthew Ward (1989)
16005,Ignatz Award Nominee for Outstanding Artist (2017)
17152,
17238,
18132,
18133,National Book Award Finalist for Fiction (1959)
18342,Locus Award Nominee for Best Fantasy Novel (1987)
18342,Colorado Blue Spruce Young Adult Book Award (1994)
18342,World Fantasy Award Nominee for Best Novel (1987)
18342,British Fantasy Award for Best Novel (1987)
18509,
18517,Prix Femina Vie Heureuse Anglais (1928)
19075,
19179,
19374,
19542,Caldecott Medal (1964)
19542,Lewis Carroll Shelf Award
19542,Indies Choice Book Award for Picture Book Hall of Fame (2009)
23539,Locus Award for Best Non-Fiction/Art (1988)
23539,"Harvey Awards for Best Writer (for Alan Moore), Best Artist or Penciller (for Dave Gibbons), Best Continuing or Limited Series, Best Single Issue (&quot;Watchmen #9&quot;), Best Graphic Album, Best Colorist (for John Higgins) &amp; Special Award for Excellence in Production  (1988)"
23539,IGN Award for Best Collection (2005)
23539,Hugo Award for Other Forms (1988)
23539,Prix du Festival d'Angoulême for Alph-art du meilleur album étranger (1989)
23539,Urhunden Prize for Foreign Album (1992)
23539,"Will Eisner Comic Industry Awards for Best Archival Collection/Project–Comic Books (in 2006 awards, for Absolute edition), Best Finite Series, Best Graphic Album, Best Writer (for Alan Moore), Best Writer/Artist (single or team) (for Alan Moore &amp; Dave Gibbons) (1988)"
24284,
24682,
26132,
30136,
32085,
32814,
37819,Booker Prize (1997)
37819,International Dublin Literary Award Nominee (1999)
38044,
40698,New York Drama Critics' Circle Award for Best American Play (1938)
42647,Chicago Tribune Heartland Prize for Fiction (1997)
42647,Exclusive Books Boeke Prize (1998)
42647,American Booksellers Book Of The Year  Award for Adult Trade (1998)
42647,Thomas Wolfe Memorial Literary Award (1997)
42647,Lillian Smith Book Award (1997)
42647,National Book Award for Fiction (1997)
42647,Weatherford Award (1997)
42647,National Book Critics Circle Award Nominee for Fiction (1997)
42647,Sue Kaufman Prize for First Fiction (1998)
44187,
46132,
46167,
46168,
46181,
49563,Helen and Kurt Wolff Translator's Prize Nominee for Breon Mitchell (1999)
50165,
52277,
57854,
59186,
70720,Retro Hugo Award for Best Novella (2019)
70897,Prix des libraires du Québec for Lauréats hors Québec (1994)
70897,Mekka-prijs (1994)
70947,Audie Award for Children's Titles (2000)
70947,Lincoln Award Nominee (2005)
70947,Guardian Children's Fiction Prize (1996)
70947,Carnegie Medal (1995)
70949,Booker Prize Nominee for Longlist (2001)
70949,Locus Award Nominee for Best Fantasy Novel (2001)
70949,Whitbread Award for Children's Book of the Year and Book of the Year (2001)
70949,British Book Award for Children's Book of the Year (2001)
70949,Audie Award for Children's Titles Ages 8-12 (2002)
70949,West Australian Young Readers' Book Award (WAYRBA) for Older Readers (2002)
72029,Zilveren Griffel (1983)
72029,Preis der Leseratten des ZDF (1980)
72029,Buxtehuder Bulle (1979)
73716,American Booksellers Book Of The Year  Award for Adult Trade (1994)
73716,Prêmio Jabuti for Tradução (1994)
75303,
75786,
76817,
76847,Lincoln Award Nominee (2006)
76847,Premi Llibreter de narrativa Nominee (2001)
76847,Orange Prize Nominee for Fiction Longlist (2000)
76847,ALA Alex Award (2001)
77233,
77247,Booker Prize (1982)
77247,Los Angeles Times Book Prize for Fiction (1983)
77470,National Book Critics Circle Award Nominee for Fiction (1993)
77470,Pulitzer Prize for Fiction (1994)
77470,Chicago Tribune Heartland Prize for Fiction (1993)
77470,National Book Award for Fiction (1993)
77470,Irish Times International Fiction Prize (1993)
77531,National Book Award Finalist for Fiction (1962)
84962,New York Drama Critics' Circle Award for Best American Play (1949)
84962,Pulitzer Prize for Drama (1949)
84979,
85266,The Flume: New Hampshire Teen Reader's Choice Award (2006)
85266,Humo's Gouden Bladwijzer (2004)
85266,Missouri Gateway Readers Award for Adult (2006)
85266,Zilveren Vingerafdruk (2004)
85266,Book Sense Book of the Year Award for Adult Fiction (2004)
85266,British Book Award for Book of the Year (2005)
85266,Iowa High School Book Award (2006)
85266,Teen Buckeye Book Award (2005)
85266,Puddly Award for Fiction (2007)
85424,"Audie Award for Fiction, Unabridged (1997)"
85424,Bram Stoker Award for Best Novel (1996)
92141,Tähtifantasia Award Nominee (2009)
106192,Deutscher Hörbuchpreis for Beste Fiktion (2011)
106192,Prix du Grand Roman d'évasion (1984)
109059,"Books I Loved Best Yearly (BILBY) Awards for Read Aloud (1990), Younger Readers (1997) (1990)"
109059,Rebecca Caudill Young Readers' Book Award (1991)
109059,Indian Paintbrush Book Award (1991)
109059,Maryland Black-Eyed Susan Book Award for Book Award (1992)
109059,Nevada Young Readers' Award for Intermediate Category  (1992)
109059,Audie Award for Children's Titles Ages 8-12 (2014)
109059,Massachusetts Children's Book Award (1992)
109059,Bluestem Book Award Nominee (2016)
109059,Red House Children's Book Award (1989)
109059,Odyssey Award Nominee (2014)
109059,Blue Peter Book Award for Voter's Award - Book that Made Me Laugh the Loudest (2000)
109059,Virginia Reader's Choice for Elementary (1990)
109059,Beehive Book Award for Children's Fiction (1991)
109059,West Australian Young Readers' Book Award (WAYRBA) for Younger Readers (1989)
109059,Prijs van de Nederlandse Kinderjury for 10-12 jaar en 13-16 jaar (1989)
111620,
117837,
120451,
120482,
132314,
168646,National Book Award Finalist for Fiction (1970)
168646,Hugo Award Nominee for Best SF Novel (1970)
168646,Nebula Award Nominee for Best Novel (1969)
168646,Chicago Publishers' Award (1970)
168661,National Book Award Finalist for Translation (1978)
169205,
170436,Audie Award for Solo Narration - Female (2001)
170448,Retro Hugo Award for Best Novella (1996)
170448,Prometheus Hall of Fame Award (2011)
170453,Governor General's Literary Awards / Prix littéraires du Gouverneur général Nominee for Fiction (2001)
170453,Deutscher Bücherpreis for Belletristik (2004)
170453,Booker Prize (2002)
170453,CBC Canada Reads Nominee (2003)
170453,Asian/Pacific American Award for Literature for Adult Fiction (2003)
170453,Bollinger Everyman Wodehouse Prize Nominee for Comic Fiction (2003)
170453,Luisterboek Award Nominee (2015)
170453,QWF (Quebec Writer's Federation) Award for Paragraphe Hugh MacLennan Prize for Fiction (2001)
170453,Exclusive Books Boeke Prize (2003)
170453,Lincoln Award Nominee (2005)
170668,Whitbread Award for Children's Novel (1983)
170668,West Australian Young Readers' Book Award (WAYRBA) for Younger Readers (1986)
170668,Books I Loved Best Yearly (BILBY) Awards for Read Alone (1993)
175343,Lincoln Award Nominee (2008)
176108,Books I Loved Best Yearly (BILBY) Awards for Secondary  (1991)
191128,California Young Readers Medal Nominee for Primary (1976)
198167,Lillian Smith Book Award (1977)
198167,Audie Award for Nonfiction (2008)
198167,National Book Critics Circle Award Nominee for General Nonfiction (1976)
198167,Premio Bancarella (1978)
198167,ASJA Outstanding Book Award (1978)
206657,Lewis Carroll Shelf Award (1958)
226722,National Book Award Finalist for First Novel (1981)
227589,Orange Prize Nominee for Fiction Shortlist (2000)
227589,American Booksellers Book Of The Year  Award for Adult Trade (1999)
231584,Governor General's Literary Awards / Prix littéraires du Gouverneur général for Fiction (1992)
231584,Trillium Book Award (1993)
231584,Golden Man Booker Prize (2018)
231584,Commonwealth Writers' Prize for Best Book in Caribbean and Canada (1993)
231584,Booker Prize (1992)
231813,
232187,Books I Loved Best Yearly (BILBY) Awards for Read Aloud (1992)
232187,North Dakota Children's Choice Award (1985)
232188,
232381,
233681,World Fantasy Award Nominee for Best Novel (1988)
233681,Bram Stoker Award for Best Novel (1987)
233858,Exclusive Books Boeke Prize (1999)
233858,Ελληνο-γερμανικό Βραβείο Μετάφρασης for Ιάκωβος Κοπερτί (2000)
233858,Prix des libraires du Québec for Lauréats hors Québec (1997)
233858,Prix Laure Bataillon (1997)
233858,Premio Grinzane Cavour Nominee for Narrativa Straniera (1997)
233858,International Dublin Literary Award Nominee for Shortlist (1999)
234225,Nebula Award for Best Novel (1965)
234225,Hugo Award for Best Novel (1966)
234225,Seiun Award 星雲賞 for Best Foreign Novel (1974)
240007,George C. Stone Center for Children's Books Recognition of Merit Award (1984)
240007,William Allen White Children's Book Award
240007,Garden State Book Award
240007,Magnesia Litera for Translation (Litera za překladovou knihu) (2015)
240007,Vlag en Wimpel Griffeljury (1985)
265016,
271276,
274186,Booker Prize (1989)
275984,Nene Award (1974)
284066,Yomiuri Prize 読売文学賞 for Fiction (1995)
284066,International Dublin Literary Award Nominee for Shortlist (1999)
284066,Japan-U.S. Friendship Commission Prize for the Translation of Japanese Literature (1999)
290131,
292110,Locus Award Nominee for Best Young Adult Book (2004)
292110,Mythopoeic Fantasy Award Nominee for Children's Literature (2004)
292110,Flicker Tale Children's Book Award (2006)
292110,Literaturpreis der Jury der jungen Leser for Kinderbuch (2004)
292110,Deutscher Jugendliteraturpreis Nominee for Preis der Jugendjury (2004)
292110,Phantastik-Preis der Stadt Wetzlar (2004)
292110,Zilveren Griffel (2006)
292110,Nene Award (2009)
292110,Grand Prix de l'Imaginaire Nominee for Roman jeunesse (2004)
298247,New York Drama Critics' Circle Award Nominee for Best American Play (1953)
304306,Lincoln Award Nominee (2007)
304306,Iowa High School Book Award (2007)
304996,Nene Award (1975)
304996,North Dakota Children's Choice Award (1979)
304996,Young Hoosier Book Award (1976)
304996,Golden Archer Award (1974)
306150,Премія імені Максима Рильського (2015)
306150,Los Angeles Times Book Prize for Poetry (1995)
311502,Missouri Gateway Readers Award for Young Adult (2006)
311502,Literaturpreis der Jury der jungen Leser for Kinderbuch (2005)
311502,Colorado Blue Spruce Young Adult Book Award (2005)
311502,Oklahoma Sequoyah Award for YA (2006)
311502,Books I Loved Best Yearly (BILBY) Awards for Older Readers (2007)
311502,Pacific Northwest Library Association Young Reader's Choice Award for Intermediate (2006)
311502,Eliot Rosewater Indiana High School Book Award (2006)
311502,South Carolina Book Award for Young Adult Book (2006)
311502,Golden Archer Award for Middle/Junior High (2006)
311502,Nene Award (2006)
311502,Iowa Teen Award (2008)
311502,Book Sense Book of the Year Award for Children's Literature (2004)
311502,Soaring Eagle Book Award (2005)
311502,Rebecca Caudill Young Readers' Book Award (2006)
311502,Pennsylvania Young Readers' Choice Award for Grades 6-8 (2005)
311502,Virginia Reader's Choice for Middle (2005)
311502,Beehive Book Award for Young Adult Book (2005)
311502,Grand Canyon Reader Award for Teen Book (2006)
311502,Evergreen Teen Book Award (2006)
311502,Rhode Island Teen Book Award (2005)
317500,Retro Hugo Award Nominee for Best Novel (2001)
317500,The Keith Barker Millennium Children's Book Awards 'Children's Book of the Century'
317500,Lewis Carroll Shelf Award (1962)
331692,Pulitzer Prize for Special Citation (1992)
331692,American Book Award (1992)
345627,
348428,National Book Award for Fiction (Paperback) (1980)
348428,National Book Critics Circle Award Nominee for Fiction (1978)
348428,National Book Award Finalist for Fiction (1979)
359079,Lewis Carroll Shelf Award (1973)
370523,Prix du Meilleur Livre Étranger for Roman (1969)
370523,Premio Internacional de Novela Rómulo Gallegos (1972)
376609,Los Angeles Times Book Prize for Biography (1996)
376609,Exclusive Books Boeke Prize (1997)
376609,American Booksellers Book Of The Year  Award for Adult Trade (1997)
376609,"Audie Award for Nonfiction, Abridged (1997)"
376609,Pulitzer Prize for Biography or Autobiography (1997)
376609,National Book Critics Circle Award for Biography/Autobiography (1996)
376612,Puddly Award for Nonfiction (2007)
386162,
386299,Pulitzer Prize for Fiction (1953)
386299,National Book Award Finalist for Fiction (1953)
386299,Premio Bancarella (1953)
386376,World Fantasy Award Nominee for Best Novel (1986)
386376,Locus Award Nominee for Best Fantasy Novel (1986)
386411,Hugo Award Nominee for Best Novel (1964)
395040,
398199,
402777,Audie Award for Solo Narration - Male (2006)
402777,Премія імені Максима Рильського (1991)
403459,Prometheus Hall of Fame Award (2006)
403459,Harvey Awards Nominee for Best Continuing or Limited Series &amp; Best Writer (for Alan Moore) (1989)
410428,The Quill Award for Debut Author (2007)
410428,ALA Alex Award (2007)
410428,Dilys Award Nominee (2007)
437143,Samuel Johnson Prize for Non-Fiction Nominee (2004)
437143,EU Descartes Prize for science communication (2005)
437143,J. A. Hollon palkinto (2006)
437149,
441267,Massachusetts Children's Book Award (1987)
441267,North Dakota Children's Choice Award (1981)
444555,
449908,Lewis Carroll Shelf Award (1978)
449908,Bluestem Book Award Nominee (2017)
449908,Young Hoosier Book Award Nominee (1976)
449908,Dorothy Canfield Fisher Children's Book Award Nominee (1977)
449908,Phoenix Award (Children's Literature Association) (1995)
449908,Children's Choice Book Award
482976,Audie Award for Classic (2002)
482978,Lambda Literary Award for Humor (2001)
482978,Puddly Award for Humor (2001)
482978,Thurber Prize for American Humor (2001)
507157,
509797,
509929,
525878,
528762,
545294,Pulitzer Prize for Novel (1921)
552886,Lincoln Award Nominee (2008)
552886,Missouri Gateway Readers Award Nominee (2008)
563002,Northern California Book Awards for Fiction (1989)
563002,National Book Critics Circle Award Nominee for Fiction (1989)
563002,Los Angeles Times Book Prize Nominee for Fiction (1989)
563002,California Book Award for Fiction (Gold) (1989)
563002,National Book Award Finalist for Fiction (1989)
577537,
578517,
587318,Audie Award for Inspirational/Faith-Based Fiction (2005)
587318,Carnegie Medal (1956)
592951,
603241,Rosenthal Family Foundation Award (1961)
603241,William Faulkner Foundation Award (1961)
603241,National Book Award Finalist for Fiction (1961)
607014,Rebecca Caudill Young Readers' Book Award (2000)
607014,Newbery Medal Nominee (1998)
607014,Maryland Black-Eyed Susan Book Award for Grade 6-9 (2000)
607014,Mythopoeic Fantasy Award Nominee for Children's Literature (1999)
607014,Dorothy Canfield Fisher Children's Book Award (1999)
607014,Grand Canyon Reader Award for Teen Book (1999)
607014,Iowa Teen Award (2000)
607014,California Young Readers Medal for Middle School/Junior High (2000)
607274,Edward Lewis Wallant Award (1967)
607274,National Book Award Finalist for Fiction (1968)
607412,Michigan Library Association Thumbs Up! Award Nominee (2001)
607412,Grand Canyon Reader Award for Teen Book (2003)
607412,Charlotte Award (2004)
607412,Iowa Teen Award (2003)
607412,Lincoln Award Nominee (2006)
607412,South Carolina Book Award Nominee for Young Adult Book Award (2003)
607412,Dorothy Canfield Fisher Children's Book Award Nominee (2002)
607412,Book Sense Book of the Year Award Nominee for Children's Literature (2001)
618241,Locus Award Nominee for Best first novel (1995)
623401,
653945,Pulitzer Prize for Drama (1948)
653945,New York Drama Critics' Circle Award for Best American Play (1948)
654169,
664162,Kate Greenaway Medal (1988)
664162,Kurt Maschler Award (1999)
682765,Audie Award for Best Audio Drama (2015)
685689,Boston Globe-Horn Book Award for Fiction (1999)
685689,National Book Award for Young People's Literature (1998)
685689,Dorothy Canfield Fisher Children's Book Award (2000)
685689,Soaring Eagle Book Award (2003)
685689,Nene Award (2001)
685689,Massachusetts Children's Book Award (2001)
685689,Sunshine State Young Readers Award for Grades 3-5 and Grades 6-8 (2002)
685689,Pennsylvania Young Readers' Choice Award for Grades 6-8 (2000)
685689,Pacific Northwest Library Association Young Reader's Choice Award for Junior (2001)
685689,Deutscher Jugendliteraturpreis Nominee for Jugendbuch (2001)
685689,Rebecca Caudill Young Readers' Book Award (2002)
685689,Newbery Medal (1999)
685689,Evergreen Teen Book Award (2001)
685689,Oklahoma Sequoyah Award for Children and YA (2001)
685689,Grand Canyon Reader Award for Teen Book (2001)
685689,New Mexico Land of Enchantment Award for Young Adult (2001)
685689,Zilveren Zoen (2000)
685689,Flicker Tale Children's Book Award (2000)
685689,Maryland Black-Eyed Susan Book Award for Grade 6-9 (2001)
685689,West Australian Young Readers' Book Award (WAYRBA) for Older Readers (2001)
705209,Booker Prize (1981)
705209,James Tait Black Memorial Prize for Fiction (1981)
705209,The Booker of Bookers Prize (1993)
705209,Премія імені Максима Рильського (2010)
705209,The Best of the Booker (2008)
763588,
770754,Prix des Critiques (1947)
795921,
828697,Winifred Holtby Memorial Prize (1996)
828697,Booker Prize Nominee (1996)
828697,International Dublin Literary Award Nominee for Shortlist (1997)
828697,Scotiabank Giller Prize (1995)
828697,CBC Canada Reads Nominee (2002)
828697,Los Angeles Times Book Prize for Fiction (1996)
828697,Commonwealth Writers' Prize for Best Book Overall (1996)
833671,Martin Beck Award (1996)
833671,Anthony Award Nominee for Best First Novel (1995)
833671,PEN/Faulkner Award for Fiction (1995)
833671,Barnes and Noble Discover Great New Writers Award (1994)
833671,American Booksellers Book Of The Year  Award for Adult Trade (1996)
853510,
863334,
888628,John W. Campbell Memorial Award Nominee for Best Science Fiction Novel (1985)
888628,Seiun Award 星雲賞 for Best Foreign Novel (1987)
888628,Philip K. Dick Award (1985)
888628,Nebula Award for Best Novel (1984)
888628,Prix Aurora Award Nominee (1985)
888628,Hugo Award for Best Novel (1985)
888628,Tähtivaeltaja Award (1992)
888628,British Science Fiction Association Award Nominee for Best Novel (1984)
891694,
892295,Audie Award for Classic (2014)
929618,James Tait Black Memorial Prize Nominee for Fiction (2003)
929618,Pulitzer Prize for Fiction (2003)
929618,Ambassador Book Award for Fiction (2003)
929618,"Audie Award for Fiction, Unabridged (2003)"
974154,Audie Award for Fiction (2013)
974154,Governor General's Literary Awards / Prix littéraires du Gouverneur général for Fiction (1985)
974154,Nebula Award Nominee for Best Novel (1986)
974154,Booker Prize Nominee (1986)
974154,Prometheus Award Nominee for Best Novel (1987)
974154,Los Angeles Times Book Prize for Fiction (1986)
974154,CBC Canada Reads Nominee (2002)
974154,Commonwealth Writers' Prize Nominee for Best Book in Caribbean and Canada (1987)
974154,Arthur C. Clarke Award for Best Novel (1987)
1095059,
1339888,Teen Buckeye Book Award (2007)
1339888,West Australian Young Readers' Book Award (WAYRBA) for Older Readers (2006)
1339888,Soaring Eagle Book Award (2006)
1339888,Colorado Blue Spruce Young Adult Book Award (2007)
1349956,Lewis Carroll Shelf Award (1971)
1581365,Premio El Templo de las Mil Puertas Nominee for Mejor novela extranjera perteneciente a saga (2009)
1754286,Bord Gáis Energy Irish Book Award for John Murray Show Listeners' Choice Award (2007)
1754286,Deutscher Jugendliteraturpreis Nominee for Preis der Jugendjury (2008)
1754286,Pacific Northwest Library Association Young Reader's Choice Award for Intermediate (2009)
1786535,"Books I Loved Best Yearly (BILBY) Awards for Early Readers (2004, 2012) (2004)"
1950540,Analog Award Nominee for All-Time Best Book (1952)
2188936,Lincoln Award Nominee (2010)
2188936,Iowa High School Book Award (2010)
2600408,
2685814,
2914097,Anthony Award Nominee for Best Children's/Young Adult Novel (2009)
2914097,Lincoln Award Nominee (2011)
2914097,The Inky Awards Shortlist for Silver Inky (2009)
2914097,Missouri Gateway Readers Award Nominee (2011)
2914097,Deutscher Jugendliteraturpreis Nominee for Preis der Jugendjury (2011)
2914097,Literaturpreis der Jury der jungen Leser for Jugendbuch (2010)
2914097,The Inky Awards Nominee for Silver Inky (2009)
2914097,Corine Internationaler Buchpreis for Kinder- und Jugendbuch (2010)
2914097,Rhode Island Teen Book Award Nominee (2010)
2914097,Bronzener Lufti (2010)
2914097,Edgar Award for Best Young Adult (2009)
2924362,British Fantasy Award Nominee for Best Novel (1977)
3093681,
3168524,PEN/Faulkner Award for Fiction Nominee (1981)
3168524,Pulitzer Prize for Fiction (1981)
3263868,دار المنى
3263868,Literaturpreis der Jury der jungen Leser for Jugendbuch (1997)
3263868,Prix des libraires du Québec for Lauréats hors Québec (1996)
3263868,Deutscher Jugendliteraturpreis for Jugendbuch (1994)
3263868,Buxtehuder Bulle (1996)
3263868,Premio San Clemente for Novela Estranxeira (1996)
3263868,Prime Minister of Pakistan's Award for Literature
3263868,Premio Bancarella (1995)
3401521,
3421809,
3438113,Los Angeles Times Book Prize for Fiction (1988)
3438113,Audie Award
3458106,
3853137,Los Angeles Times Book Prize for Fiction (1984)
3940508,Locus Award Nominee for Art Book (2019)
4556058,Premio El Templo de las Mil Puertas Nominee for Mejor novela extranjera perteneciente a saga (2010)
4556058,Carnegie Medal Nominee (2010)
4556058,Goodreads Choice Award Nominee for Favorite Book &amp; Young Adult Series (2009)
4556058,Soaring Eagle Book Award (2010)
4602032,Locus Award Nominee for Best Fantasy Novel (2002)
4602032,Dilys Award Nominee (2002)
4602032,Anthony Award for Best Paperback Original (2002)
4602032,Compton Crook Award Nominee (2002)
4602032,Agatha Award Nominee for Best Novel (2001)
4906099,British Book Award for Best Read of the Year (2008)
4906099,Lincoln Award Nominee (2011)
4906099,California Book Award for Fiction (Silver) (2007)
4906099,Exclusive Books Boeke Prize Nominee (2007)
4906099,Book Sense Book of the Year Award for Adult Fiction (2008)
4906348,National Book Critics Circle Award Nominee for Fiction (2001)
4906348,PEN/Faulkner Award for Fiction (2002)
4906348,Book Sense Book of the Year Award for Paperback (2003)
4906348,International Dublin Literary Award Nominee for Shortlist (2003)
4906348,Orange Prize for Fiction (2002)
4971790,
5025780,National Book Award Finalist for Fiction (1987)
5025780,American Book Award (1988)
5025780,Pulitzer Prize for Fiction (1988)
5025780,Frederic G. Melcher Book Award (1988)
5025780,National Book Critics Circle Award Nominee for Fiction (1987)
5025780,Anisfield-Wolf Book Award (1988)
5043803,Golden Sower Award for Young Adult (2009)
5043803,Deutscher Jugendliteraturpreis Nominee for Preis der Jugendjury (2007)
5043803,West Australian Young Readers' Book Award (WAYRBA) for Older Readers (2008)
5043803,The Flume: New Hampshire Teen Reader's Choice Award (2007)
5043803,Grand Canyon Reader Award for Teen Book (2008)
5043803,South Carolina Book Award for Young Adult Book Award (2008)
5043803,Kentucky Bluegrass Award for 9-12 (2007)
5043803,Teen Read Award Nominee for Best All-Time-Fave (2010)
5043803,Garden State Book Award for Fiction (Grades 9-12) (2008)
5043803,Maryland Black-Eyed Susan Book Award for High School (2008)
5043803,Prijs van de Kinder- en Jeugdjury Vlaanderen (2008)
5043803,Rhode Island Teen Book Award (2007)
5043803,Literaturpreis der Jury der jungen Leser for Cover (2007)
5043803,Lincoln Award (2008)
5043803,Nevada Young Readers' Award for Young Adult Category  (2007)
5043803,Evergreen Teen Book Award (2008)
5043803,Prix Et-lisez-moi (2008)
5043803,Books I Loved Best Yearly (BILBY) Awards for Older Readers (2009)
5043803,Michigan Library Association Thumbs Up! Award Nominee (2006)
5043803,Missouri Gateway Readers Award (2008)
5043803,Georgia Peach Book Award (2007)
5043803,Buxtehuder Bulle (2006)
5043803,Iowa High School Book Award (2008)
5043803,Pennsylvania Young Readers' Choice Award for Young Adult (2009)
5043803,Eliot Rosewater Indiana High School Book Award (2008)
5081331,Coretta Scott King Award for Author Honor (1971)
5088205,National Book Award for Novel (1936)
5088205,Pulitzer Prize for Novel (1937)
5096865,Edgar Award for Best Fact Crime (1966)
5140074,
5292465,Romantic Novel of the Year (RoNa's) Award (2002)
5292465,Goodreads Choice Award Nominee for Fiction (2009)
5292557,Puddly Award for Romance (2001)
5292557,RITA Award by Romance Writers of America for Best Romance of 1991 &amp; nominee for Best First Book &amp; nominee for Single Title Historical Romance (1992)
5293561,RITA Award by Romance Writers of America Nominee for Best Romance of the Year &amp; Futuristic/Fantasy/Paranormal Romance (1993)
5577844,Locus Award Nominee for Best Fantasy Novel (1999)
5577844,Mythopoeic Fantasy Award for Adult Literature (1999)
5577844,ALA Alex Award (2000)
5577844,Geffen Award (2000)
5598223,Romantic Times Reviewers' Choice Award (RT Award) for Vampire Romance (2006)
5598223,All About Romance (AAR) Annual Reader Poll for Best Romance &amp; Best Paranormal &amp; Most Tortured Hero &amp; Strongest Heroine &amp; Best Villain &amp; Most-Hanky Read  &amp; Honorable Mention for Best Couple (2007)
5864120,Gandalf Award Nominee (1979)
5864120,Locus Award Nominee for Best SF Novel (1979)
5864120,Balrog Award Nominee for Best Novel (1979) (1980)
5864120,World Fantasy Award Nominee for Best Novel (1979)
5948933,
5996629,
5996632,
6066095,ALA Alex Award (2004)
6066095,Borders Original Voices Award for Fiction (2003)
6066095,Humo's Gouden Bladwijzer (2008)
6066095,Puddly Award for Fiction (2006)
6066095,Lincoln Award Nominee (2006)
6066095,Exclusive Books Boeke Prize (2004)
6066095,Prix des libraires du Québec for Lauréats hors Québec (2006)
6131164,Goodreads Choice Award Nominee for Young Adult Fantasy &amp; Science Fiction (2013)
6146933,
6186452,PEN Translation Prize for Philip Gabriel (2006)
6186452,Independent Foreign Fiction Prize Nominee for Longlist (2006)
6186452,Βραβείο Βιβλίου Public for Μεταφρασμένο μυθιστόρημα της χρονιάς (Translator: Αργυρώ Μαντόγλου) (2016)
6186452,World Fantasy Award for Best Novel (2006)
6186452,Deutscher Jugendliteraturpreis Nominee for Preis der Jugendjury (2005)
6186452,Tähtifantasia Award (2010)
6192934,
6193937,
6239806,CityRead London (2012)
6251563,
6277770,PEN/Faulkner Award for Fiction Nominee (1999)
6277770,International Dublin Literary Award Nominee (2000)
6277770,Puddly Award for Novel (2001)
6277770,Exclusive Books Boeke Prize (2000)
6277770,Book Sense Book of the Year Award for Adult (2000)
6277770,Independent Publisher Book Award (IPPY) for Audio Fiction - Unabridged (1999)
6277770,Orange Prize Nominee for Fiction Shortlist (1999)
6277770,Pulitzer Prize Nominee for Fiction (1999)
6280121,
6307964,Premio Ignotus (2006)
6307964,Hugo Award Nominee for Best Novel (2001)
6307964,Locus Award for Best Fantasy Novel (2001)
6307964,Nebula Award Nominee for Best Novel (2001)
6307964,Geffen Award for Best Translated Fantasy Book (2002)
6324651,Locus Award Nominee for Best Fantasy Novel (1978)
6324651,Gandalf Award Nominee (1978)
6329013,
6357135,RITA Award by Romance Writers of America Nominee for Paranormal Romance (2006)
6357135,Romantic Times Reviewers' Choice Award (RT Award) Nominee for Vampire Romance (2005)
6357135,HOLT Medallion by Virginia Romance Writers Nominee for Paranormal/Time Travel/Futuristic/Fantasy (2006)
6357135,"DABWAHA Romance Tournament for Best Paranormal: Vampires, Werewolves, and the Supernatural (2006)"
6357135,All About Romance (AAR) Annual Reader Poll for Best Alt Reality/Paranormal (2006)
6360296,
6397201,Audie Award for Multi-Voiced Performance (2005)
6397201,Green Mountain Book Award (2007)
6397201,Lincoln Award (2006)
6397201,Missouri Gateway Readers Award Nominee (2007)
6397201,ALA Alex Award (2005)
6397201,Pennsylvania Young Readers' Choice Award for Young Adults (2007)
6421982,Premio Ignotus for Novela extranjera (2003)
6421982,World Fantasy Award Nominee for Best Novel (1997)
6421982,Locus Award for Best Fantasy Novel (1997)
6421982,Nebula Award Nominee for Best Novel (1997)
6479879,Prix Julia Verlanger (1999)
6479879,Mythopoeic Fantasy Award Nominee for Adult Literature (1998)
6485609,
6490587,
6495605,
6496926,Prix des libraires du Québec for Lauréats hors Québec (2009)
6496926,Puddly Award for Fiction (2010)
6496926,Cena Akademie SFFH for Kniha roku (Book of the Year) (2008)
6496926,James Tait Black Memorial Prize for Fiction (2006)
6496926,Locus Award Nominee for Best SF Novel (2007)
6496926,National Book Critics Circle Award Nominee for Fiction (2006)
6496926,Pulitzer Prize for Fiction (2007)
6496926,Tähtivaeltaja Award (2009)
6496926,The Quill Award for General Fiction (2007)
6496926,Believer Book Award (2006)
6496926,International Dublin Literary Award Nominee (2008)
6519719,Grammy Award Nominee for Best Spoken Word Album (2003)
6522033,
6547258,Tähtifantasia Award Nominee (2018)
6547258,Prix Elbakin.net for Meilleur roman fantasy traduit (2010)
6563622,Barry Award for Best First Novel (2005)
6563622,Premi Llibreter de narrativa Nominee (2002)
6563622,Prix des libraires du Québec for Lauréats hors Québec (2005)
6563622,One Book One San Diego (2015)
6563622,Dilys Award Nominee (2005)
6563622,Prix du Meilleur Livre Étranger for Roman (2004)
6563622,Humo's Gouden Bladwijzer (2006)
6563622,Borders Original Voices Award for Fiction (2004)
6567023,Romantic Times Reviewers' Choice Award (RT Award) for Young Adult (2007)
6567453,Los Angeles Times Book Prize Nominee for Young Adult Fiction (2005)
6567453,Bronzener Lufti (2007)
6567453,Michael L. Printz Award (2006)
6567453,Lincoln Award Nominee (2009)
6567453,Premio El Templo de las Mil Puertas Nominee for Mejor novela extranjera independiente (2014)
6567453,The Inky Awards Shortlist for Silver Inky (2007)
6567453,Rhode Island Teen Book Award Nominee (2007)
6567453,Green Mountain Book Award (2008)
6567453,Deutscher Jugendliteraturpreis Nominee for Jugendbuch (2008)
6567453,Michigan Library Association Thumbs Up! Award Nominee (2006)
6567453,Alabama Author Award for Young Adult (2006)
6567453,The Inky Awards for Silver Inky (2007)
6572790,Locus Award Nominee for Best SF Novel (2006)
6572790,ALA Alex Award (2006)
6572790,Corine Internationaler Buchpreis for Belletristik (2006)
6572790,Booker Prize Nominee (2005)
6572790,Arthur C. Clarke Award Nominee (2006)
6572790,National Book Critics Circle Award Nominee for Fiction (2005)
6572790,International Dublin Literary Award Nominee (2007)
6572790,James Tait Black Memorial Prize Nominee for Fiction (2005)
6584437,Premio Ignotus for Novela extranjera (2004)
6584437,Locus Award for Best Fantasy Novel (1999)
6584437,Nebula Award Nominee for Best Novel (1999)
6585977,Lincoln Award Nominee (2011)
6585977,Goodreads Choice Award Nominee for Favorite Book &amp; Young Adult Series (2009)
6586540,Golden Duck Award for Young Adult (Hal Clement Award) (2006)
6586540,South Carolina Book Award Nominee for Young Adult Book Award (2008)
6586540,Prix Et-lisez-moi (2009)
6586540,Georgia Peach Book Award Nominee for Honor book (2008)
6586540,Eliot Rosewater Indiana High School Book Award (2007)
6586540,Missouri Gateway Readers Award Nominee (2008)
6586540,Lincoln Award (2007)
6586540,Rhode Island Teen Book Award Nominee (2007)
6586540,Ditmar Award Nominee for Best Novel (2006)
6599342,Strand Critics Award  Nominee for Best First Novel (2008)
6599342,Glass Key Award (2006)
6599342,Galaxy British Book Awards for Crime Thriller of the Year (2009)
6599342,Macavity Award for Best First Mystery Novel (2009)
6599342,Barry Award for Mystery/Crime Novel Of The Decade (2010)
6599342,CWA International Dagger Nominee (2008)
6599342,Exclusive Books Boeke Prize (2008)
6599342,Anthony Award for Best First Novel (2009)
6599421,
6699003,Massachusetts Children's Book Award (2003)
6699003,Rhode Island Teen Book Award Nominee (2002)
6699003,Blue Hen Book Award for Chapter Book (2003)
6699003,Garden State Book Award for Fiction (Grades 6-8) (2004)
6699003,Pacific Northwest Library Association Young Reader's Choice Award for Intermediate (2004)
6746355,Audie Award for Audiobook of the Year (2009)
6746355,Hugo Award for Best Novel (2009)
6746355,Indies Choice Book Award for Best Indie Young Adult Buzz Book (Fiction): (2009)
6746355,Newbery Medal (2009)
6746355,Premio El Templo de las Mil Puertas for Mejor novela extranjera independiente (2009)
6746355,Rebecca Caudill Young Readers' Book Award Nominee (2013)
6746355,British Fantasy Award Nominee for Best Novel (2009)
6746355,Cybils Award for Middle Grade Fantasy &amp; Science Fiction (2008)
6746355,Locus Award for Best Young Adult Novel (2009)
6746355,World Fantasy Award Nominee for Best Novel (2009)
6746355,Elizabeth Burr / Worzalla Award (2009)
6746355,Mythopoeic Fantasy Award Nominee for Children's Literature (2009)
6746355,Amelia Elizabeth Walden Award Nominee (2009)
6746355,Carnegie Medal (2010)
6746355,Dorothy Canfield Fisher Children's Book Award Nominee (2010)
6746355,Michigan Library Association Thumbs Up! Award Nominee (2009)
6910629,Pulitzer Prize Nominee for Fiction (1991)
6910629,National Book Critics Circle Award Nominee for Fiction (1990)
6910629,Chicago Tribune Heartland Prize for Fiction (1990)
6910629,Prix du Meilleur Livre Étranger for Roman (1990)
6990472,Goodreads Choice Award Nominee for Young Adult Fiction (2009)
6990472,Blue Hen Book Award for Teen Readers (2011)
6990472,South Carolina Book Award Nominee for Young Adult Book Award (2011)
6990472,Lincoln Award Nominee (2012)
6990472,Georgia Peach Book Award Nominee for Honor book (2010)
6990472,Milwaukee County Teen Book Award Nominee (2010)
6990472,The Inky Awards Nominee for Silver Inky (2009)
6990472,Florida Teens Read Nominee (2010)
6990472,Missouri Gateway Readers Award Nominee (2012)
6990472,Carnegie Medal Nominee (2010)
6990472,Pennsylvania Young Readers' Choice Award Nominee (2011)
6990472,California Young Readers Medal Nominee for Young Adult (2012)
6990472,NAIBA Book of the Year for Children's Literature (2009)
7031288,
7136307,Goodreads Choice Award Nominee for Young Adult Series (2009)
7150991,Goodreads Choice Award for Chick Lit (2009)
7203676,Lincoln Award Nominee (2012)
7203676,Georgia Peach Book Award (2010)
7203676,The Inky Awards Shortlist for Silver Inky (2010)
7203676,Florida Teens Read Nominee (2010)
7203676,Missouri Gateway Readers Award Nominee (2012)
7203676,Teen Read Award Nominee for Best Read (2010)
7203676,Pennsylvania Young Readers' Choice Award Nominee (2011)
7203676,The Inky Awards for Silver Inky (2010)
7203676,Children's Choice Book Award Nominee for Teen Choice Book of the Year (2010)
7541858,South Carolina Book Award Nominee for Young Adult Book Award (2010)
7541858,Locus Award Nominee for Best First Novel (2008)
7541858,Pacific Northwest Library Association Young Reader's Choice Award (2010)
7541858,Lincoln Award (2010)
7541858,Georgia Peach Book Award Nominee for Honor book (2009)
7542624,
7549331,Premio El Templo de las Mil Puertas Nominee for Mejor novela extranjera perteneciente a saga (2011)
7607518,Goodreads Choice Award Nominee for Young Adult Series (2009)
7607518,Children's Choice Book Award Nominee for Teen Choice Book of the Year (2010)
7624272,Evergreen Teen Book Award (2013)
7624272,West Australian Young Readers' Book Award (WAYRBA) for Older Readers (2011)
7624272,Goodreads Choice Award Nominee for Young Adult Fantasy and for Favorite Book (2010)
7686667,Goodreads Choice Award Nominee for Young Adult Fantasy &amp; Science Fiction and for Favorite Book and for Goodreads Author (2011)
7686667,Buxtehuder Bulle (2011)
7686667,Missouri Gateway Readers Award Nominee (2014)
7686667,Pennsylvania Young Readers' Choice Award Nominee for Young Adults (2013)
7827749,Puddly Award for Nonfiction (2008)
7833099,
7876209,
8044584,Lincoln Award (2012)
8044584,Charlotte Award (2012)
8044584,Romantic Times Reviewers' Choice Award (RT Award) Nominee for Best Young Adult Paranormal/Fantasy Novel  (2009)
8044584,Evergreen Teen Book Award (2012)
8044584,Georgia Peach Book Award (2011)
8044584,Missouri Truman Readers Award (2012)
8044584,Milwaukee County Teen Book Award Nominee (2011)
8044584,Utah Book Award Nominee for Young Adults (2009)
8044584,Pennsylvania Young Readers' Choice Award Nominee (2011)
8045789,Nebula Award for Best Novel (1985)
8045789,Nébula (1985)
8045789,Hugo Award for Best Novel (1986)
8115818,Dilys Award Nominee (2010)
8115818,Anthony Award Nominee for Best Novel (2010)
8115818,CWA International Dagger Nominee (2009)
8115818,Svenska Deckarakademins pris för bästa svenska kriminalroman (2006)
8115818,Goodreads Choice Award for Mystery/Thriller (2009)
8117586,Washington State Book Award (1997)
8118139,
8118140,
8120173,Sydney Taylor Book Award for Teen Readers (2007)
8120173,Prijs van de Kinder- en Jeugdjury Vlaanderen (2009)
8120173,Exclusive Books Boeke Prize (2007)
8120173,Rhode Island Teen Book Award Nominee (2008)
8120173,Zilveren Zoen (2008)
8120173,Literaturpreis der Jury der jungen Leser for Jugendbuch (2009)
8120173,Book Sense Book of the Year Award for Children's Literature (2007)
8120173,Deutscher Jugendliteraturpreis for Preis der Jugendjury (2009)
8120173,Buxtehuder Bulle (2008)
8120173,Ena Noel Award (2008)
8120173,The Quill Award Nominee for Young Adult/Teen (2006)
8120173,Lincoln Award Nominee (2010)
8120173,Kathleen Mitchell Award
8120173,Association of Jewish Libraries for Teen Book Award (2006)
8120173,Michael L. Printz Award Nominee (2007)
8120173,National Jewish Book Award for Children’s and Young Adult Literature (2006)
8120173,Australian Book Industry Award (ABIA) Nominee for Literary Fiction (2008)
8120173,Teen Read Award Nominee for Best All-Time-Fave (2010)
8120401,
8125623,"Goodreads Choice Award Nominee for Favorite Book, Fiction &amp; Mystery/Thriller (2009)"
8130423,
8132407,Audie Award for Classic (2004)
8132407,National Book Award Finalist for Fiction (1953)
8150911,
8153988,Locus Award Nominee for Best Fantasy Book (1991)
8300755,Goodreads Choice Award for Mystery &amp; Thriller and Nominee for Favorite Book (2010)
8300755,Glass Key Award (2008)
8300755,Audie Award for Thriller/Suspense (2011)
8306857,Evergreen Teen Book Award (2014)
8306857,Premio El Templo de las Mil Puertas Nominee for Mejor novela extranjera perteneciente a saga (2011)
8306857,Milwaukee County Teen Book Award Nominee (2012)
8306857,DABWAHA Romance Tournament for Best Young Adult Romance (2012)
8306857,Soaring Eagle Book Award (2012)
8306857,Missouri Gateway Readers Award (2014)
8306857,New Mexico Land of Enchantment Award for Young Adult (2014)
8306857,The Magnolia Award for 6-8 (2014)
8306857,Louisiana Teen Readers' Choice (2014)
8306857,Green Mountain Book Award (2013)
8306857,Children's Choice Book Award Nominee for Teen Choice Book of the Year (2012)
8306857,California Young Readers Medal for Young Adult (2014)
8306857,Oklahoma Sequoyah Award for High Schol (2014)
8306857,Georgia Peach Book Award (2012)
8306857,Rhode Island Teen Book Award (2013)
8306857,Goodreads Choice Award for Favorite Book and for Young Adult Fantasy &amp; Science Fiction and Nominee for Goodreads Author (2011)
8306857,Sakura Medal
8306857,South Carolina Book Award for Young Adult (2014)
8306857,Lincoln Award Nominee (2014)
8306857,Eliot Rosewater Indiana High School Book Award (2014)
8309278,Mythopoeic Fantasy Award Nominee for Children's Literature (1994)
8309278,Eliot Rosewater Indiana High School Book Award (1997)
8309278,Newbery Medal (1994)
8309278,Buckeye Children's Book Award for Grade 6-8 (1997)
8309278,Boston Globe-Horn Book Award Nominee for Fiction (1993)
8309278,Rebecca Caudill Young Readers' Book Award (1996)
8309278,Wyoming Indian Paintbrush Nominee (1996)
8309278,Golden Sower Award for Young Adult (1995)
8309278,Pacific Northwest Library Association Young Reader's Choice Award for Senior (1996)
8309278,Hea Lasteraamat (2010)
8309278,Garden State Book Award for Teen Fiction Grades 6-8 (1996)
8309278,William Allen White Children's Book Award (1996)
8309278,Oklahoma Sequoyah Award for YA (1996)
8309278,Golden Duck Award for Young Adult (Hal Clement Award) (1994)
8309278,Grand Canyon Reader Award for Teen Book (1995)
8309278,Soaring Eagle Book Award Nominee (1996)
8309278,Maryland Black-Eyed Susan Book Award for Grade 6-9 (1995)
8309278,New Mexico Land of Enchantment Award (1997)
8309278,Pennsylvania Young Readers' Choice Award for Grades 3-8 (1995)
8309278,NSK Neustadt Prize for Children's Literature Nominee (2013)
8316723,
8423493,Goodreads Choice Award for Favorite Book and Young Adult Series (2009) and Nominee for Best of the Best  (2018)
8423493,Children's Choice Book Award for Teen Choice Book of the Year (2010)
8423493,Soaring Eagle Book Award (2011)
8423493,Golden Duck Award for Young Adult (Hal Clement Award) (2010)
8423493,Indies Choice Book Award for Young Adult (2010)
8423493,Teen Read Award Nominee for Best Read (2010)
8423493,Locus Award Nominee for Best Young Adult Book (2010)
8423493,DABWAHA Romance Tournament for Best Young Adult (2010)
8423493,Premio El Templo de las Mil Puertas Nominee for Mejor novela extranjera perteneciente a saga (2010)
8442457,Anthony Award Nominee for Best Novel (2013)
8442457,Puddly Award for Fiction (2013)
8442457,Goodreads Choice Award for Mystery &amp; Thriller and Nominee for Goodreads Author (2012) and Nominee for Best of the Best  (2018)
8442457,Edgar Award Nominee for Best Novel (2013)
8442457,Women's Prize for Fiction Nominee for Longlist (2013)
8442457,Shirley Jackson Award Nominee for Novel (Finalist) (2012)
8442457,Barry Award Nominee for Best Novel (2013)
8442457,Romantic Times Reviewers' Choice Award (RT Award) for Suspense/Thriller Novel (2012)
8442457,Grand Prix des lectrices de Elle for roman policier (2013)
8466224,Mythopoeic Fantasy Award for Adult Literature (2005)
8466224,Book Sense Book of the Year Award for Adult Fiction (2005)
8466224,Guardian First Book Award Nominee (2004)
8466224,Nebula Award Nominee for Best Novel (2005)
8466224,Hugo Award for Best Novel (2005)
8466224,British Fantasy Award Nominee for Best Novel (2005)
8466224,Cena Akademie SFFH for Kniha roku (Book of the Year) (2007)
8466224,World Fantasy Award for Best Novel (2005)
8466224,Booker Prize Nominee for Longlist (2004)
8466224,Locus Award for Best First Novel and Nominee for Best Fantasy Novel (2005)
8545079,
8578995,Hugo Award for Best Novel (1962)
8578995,Prometheus Hall of Fame Award (1987)
8646215,Book Sense Book of the Year Award for Adult Fiction (2007)
8646215,ALA Alex Award (2007)
8646215,The Quill Award Nominee for General Fiction (2006)
8684868,Locus Award Nominee for Best Young Adult Book (2011)
8684868,Children's Choice Book Award Nominee for Teen Choice Book of the Year (2011)
8684868,Andre Norton Award Nominee (2010)
8684868,Goodreads Choice Award for Favorite Book and for Young Adult Fantasy (2010)
8684868,DABWAHA Romance Tournament for Best Young Adult Romance (2011)
8694005,Premio Strega (1981)
8694005,إمبيرتو
8694005,PEN Translation Prize for William Weaver (1984)
8694005,Premio Anghiari (1981)
8694005,Prix Médicis Etranger (1982)
8694005,このミステリーがすごい！ for Best Translated Mystery Novel of the Year in Japan (1991)
8694005,Edgar Award Nominee for Best Novel (1984)
8694005,Premio Il Libro dell'anno (1981)
8719634,Goodreads Choice Award Nominee for Young Adult Fantasy and for Favorite Book and for Goodreads Author (2010)
8719634,Premio El Templo de las Mil Puertas for Mejor novela extranjera perteneciente a saga (2010)
8719634,Romantic Times Reviewers' Choice Award (RT Award) Nominee for Best Young Adult Paranormal/Fantasy Novel (2010)
8719634,Oklahoma Sequoyah Award for High School (2013)
8719634,RITA Award by Romance Writers of America Nominee for Young Adult Romance (2011)
8719634,The Inky Awards for Silver Inky (2011)
8719634,The Inky Awards Shortlist for Silver Inky (2011)
8719634,Lincoln Award Nominee (2013)
8855387,Goodreads Choice Award for Goodreads Author and Nominee for Favorite Book and for Young Adult Fantasy &amp; Science Fiction (2011)
8889380,Lincoln Award Nominee (2015)
8889380,Dayton Literary Peace Prize Nominee for NonFiction (2011)
8889380,Indies Choice Book Award for Nonfiction (2011)
8889380,Los Angeles Times Book Prize for Biography (2010)
8889380,Pennsylvania Young Readers' Choice Award Nominee for Young Adults (2014)
8889380,Goodreads Choice Award Nominee for History and Biography (2010)
8889380,Andrew Carnegie Medal Nominee for Nonfiction (2012)
8889448,
8900616,Goodreads Choice Award Nominee for Goodreads Author (2010)
9188338,Locus Award Nominee for Best Fantasy Novel (2011)
9188338,David Gemmell Legend Award for Best Fantasy Novel (2011)
9188338,Goodreads Choice Award Nominee for Fantasy and for Favorite Book and for Goodreads Author (2010)
9188338,Whitney Award for Best Novel (2010)
9200938,
9359913,
9396456,
9410255,
9413297,Commonwealth Writers' Prize Nominee for Best First Book (the Pacific Region) (2004)
9440817,World Fantasy Award Nominee for Best Novel (1989)
9440817,Bram Stoker Award for Best Novel (1988)
9440817,Anthony Award for Best Novel (1989)
9440817,Grand Prix de Littérature Policière for Romans étrangers (1991)
9440817,このミステリーがすごい！ for Best Translated Mystery Novel of the Year in Japan (1989)
9469037,Prometheus Hall of Fame Award (1983)
9469037,National Book Award Finalist for Fiction (1958)
9475810,Premio Bancarella (1958)
9477490,Goodreads Choice Award for Goodreads Author and Nominee for Nominee for Favorite Book (2010)
9477490,Teen Read Award Nominee for Best Series (2010)
9477490,Children's Choice Book Award Nominee for Teen Choice Book of the Year (2011)
9480548,Goodreads Choice Award Nominee for Young Adult Fantasy (2010)
9525672,
9531737,Goodreads Choice Award Nominee for Best Fantasy and for Favorite Book (2011)
9531737,Locus Award Nominee for Best Fantasy Novel (2012)
9531737,Tähtifantasia Award Nominee (2016)
9531737,Prix Elbakin.net for Meilleur roman fantasy traduit (2013)
9531737,David Gemmell Legend Award for Best Fantasy Novel (2012)
9584862,National Book Award for Fiction (1953)
9847899,
9917996,World Fantasy Award Nominee for Best Novel (1976)
10053149,Green Mountain Book Award (2011)
10053149,Iowa High School Book Award Nominee (2011)
10053149,Lincoln Award Nominee (2011)
10053149,Missouri Gateway Readers Award Nominee (2011)
10053149,Locus Award Nominee for Best First Novel (2009)
10053149,Milwaukee County Teen Book Award Nominee (2010)
10053149,Amelia Elizabeth Walden Award Nominee (2009)
10053149,Florida Teens Read Nominee (2010)
10053149,Sakura Medal Nominee for High School Book (2010)
10053149,California Young Readers Medal for Young Adult (2012)
10053149,Mythopoeic Fantasy Award for Children's Literature (2009)
10053149,Andre Norton Award Nominee (2008)
10053149,Cybils Award Nominee for Young Adult Fantasy &amp; Science Fiction (2008)
10053149,Rhode Island Teen Book Award (2011)
10053149,William C. Morris YA Debut Award Nominee (2009)
10080974,Audie Award Nominee for Fiction of Nonfiction Licenses or Distributed for Martin Jarvis (2003)
10081966,Sydney Taylor Book Award for Older Readers (1989)
10081966,Newbery Medal (1990)
10081966,Jane Addams Children's Book Award Nominee (1990)
10081966,National Jewish Book Award for Children's Literature (1990)
10081966,Dorothy Canfield Fisher Children's Book Award (1991)
10081966,Charlotte Award (1992)
10081966,Rebecca Caudill Young Readers' Book Award (1992)
10081966,Charlie May Simon Children's Book Award (1992)
10201688,Soaring Eagle Book Award (2000)
10201688,West Australian Young Readers' Book Award (WAYRBA) for Older Readers (2005)
10201688,Lincoln Award (2005)
10374117,
10428902,The Kitschies Nominee for Golden Tentacle (Debut) (2011)
10428902,California Young Readers Medal Nominee for Young Adult (2016)
10428902,Pennsylvania Young Readers' Choice Award for Young Adults (2014)
10428902,Goodreads Choice Award Nominee for Favorite Book and for Young Adult Fantasy &amp; Science Fiction (2011)
10428902,Grand Prix de l'Imaginaire for Roman jeunesse étranger (2015)
10616322,Goodreads Choice Award for Best Young Adult Fantasy &amp; Science Fiction (2013)
10763598,Milwaukee County Teen Book Award Nominee (2013)
10763598,Rhode Island Teen Book Award Nominee (2013)
10763598,Locus Award Nominee for Best Young Adult Novel (2012)
10763598,Oregon Spirit Book Award for Young Adult (2011)
10763598,Lincoln Award Nominee (2014)
10763598,The Inky Awards Shortlist for Silver Inky (2012)
10763598,Premio El Templo de las Mil Puertas Nominee for Mejor novela extranjera perteneciente a saga (2012)
10763598,The Inky Awards Nominee for Silver Inky (2012)
10763598,Children's Choice Book Award Nominee for Teen Choice Book of the Year (2012)
10763598,Andre Norton Award Nominee (2011)
10763598,Missouri Gateway Readers Award Nominee (2014)
10763598,Audie Award for Fantasy (2012)
10763598,Goodreads Choice Award Nominee for Young Adult Fantasy &amp; Science Fiction and for Favorite Book (2011)
10763598,California Young Readers Medal Nominee for Young Adult (2015)
10803076,
10863144,Los Angeles Times Book Prize
10916717,
10931946,
11013027,
11055140,
11060744,
11066857,
11106714,British Book Award for The Author of the Year (2007)
11153628,
11201920,Goodreads Choice Award Nominee for Young Adult Fantasy &amp; Science Fiction and for Favorite Book and for Goodreads Author (2011)
11293952,Teen Buckeye Book Award Nominee (2012)
11293952,Children's Choice Book Award Nominee for Teen Choice Book of the Year (2012)
11301989,Audie Award for Excellence in Design (2016)
11323701,Lewis Carroll Shelf Award (1967)
11387515,Carnegie Medal Nominee (2013)
11387515,South Carolina Book Award for Children's Book (2014)
11387515,Josette Frank Award (2013)
11387515,New Mexico Land of Enchantment Award for Children (2014)
11387515,Texas Bluebonnet Award Nominee (2013)
11387515,James Cook Book Award Nominee (2013)
11387515,Dorothy Canfield Fisher Children's Book Award (2014)
11387515,FAB Award Nominee (2014)
11387515,Waterstones Children's Book Prize (2013)
11387515,Washington State Sasquatch Award Nominee (2015)
11387515,Goodreads Choice Award Nominee for Middle Grade &amp; Children's (2012)
11387515,West Australian Young Readers' Book Award (WAYRBA) for Younger Readers (2013)
11387515,Bluestem Book Award (2014)
11387515,Rebecca Caudill Young Readers' Book Award (2014)
11387515,NAIBA Book of the Year for Middle Readers (2012)
11387515,Louisiana Young Readers' Choice for Grades 3-5 (2015)
11387515,California Young Readers Medal for Intermediate (2015)
11387515,Charlie May Simon Children's Book Award (2015)
11387515,Premio El Templo de las Mil Puertas Nominee for Mejor novela extranjera independiente (2012)
11387515,Hea Lasteraamat (2014)
11387515,Judy Lopez Memorial Award for Children's Literature (2013)
11387515,Deutscher Jugendliteraturpreis for Preis der Jugendjury (2014)
11387515,Rhode Island Children’s Book Award (2014)
11387515,North Carolina Children's Book Award (2014)
11539004,Lambda Literary Award for Gay Men's Mystery (1995)
11539004,Pulitzer Prize Nominee for General Nonfiction (1995)
11539004,Exclusive Books Boeke Prize (1995)
11539004,Ferro-Grumley Award for Gay Fiction (Non-Fiction) (1994)
11550149,Goodreads Choice Award for Middle Grade &amp; Children's and Nominee for Favorite Book (2011)
11550149,Buckeye Children's Book Award for 6-8 (2012)
11776950,
11865807,Locus Award Nominee for Best Fantasy Novel (1991)
11865807,World Fantasy Award Nominee for Best Novel (1991)
11961790,
12359568,Pennsylvania Young Readers' Choice Award for Young Adults (2012)
12359568,Literaturpreis der Jury der jungen Leser for Jugendbuch (2011)
12359568,Teen Buckeye Book Award (2012)
12359568,Missouri Gateway Readers Award Nominee (2013)
12359568,South Carolina Book Award for Young Adult (2013)
12359568,California Young Readers Medal for Young Adult (2013)
12359568,Rhode Island Teen Book Award (2012)
12359568,Lincoln Award Nominee (2013)
12359568,Carnegie Medal Nominee (2012)
12530184,Grand Prix de l'Imaginaire Nominee for Roman étranger (2014)
12530184,このミステリーがすごい！ for Best Translated Mystery Novel of the Year in Japan (2014)
12530184,ITW Thriller Award for Best Hard Cover Novel (2012)
12530184,Locus Award Nominee for Best SF Novel (2012)
12530184,Goodreads Choice Award for Science Fiction (2011) and Nominee for Best of the Best  (2018)
12530184,British Fantasy Award Nominee for Best Novel (2012)
12530184,World Fantasy Award Nominee for Best Novel (2012)
12530184,本屋大賞 Nominee for Translated Fiction (2014)
12686642,Goodreads Choice Award Nominee for Young Adult Fantasy &amp; Science Fiction and for Goodreads Author (2012)
12782014,National Book Critics Circle Award Nominee for Fiction (1982)
12782014,Pulitzer Prize for Fiction (1983)
12782014,National Book Award for Fiction (Hardcover) (1983)
12782014,Townsend Prize for Fiction (1984)
12881778,Goodreads Choice Award for Romance and Nominee for Goodreads Author (2012)
12970552,Audie Award for Teens (2013)
12970552,Luisterboek Award (2015)
12970552,Missouri Gateway Readers Award (2015)
12970552,Louisiana Teen Readers' Choice (2015)
12970552,Premio El Templo de las Mil Puertas for Mejor novela extranjera independiente (2012)
12970552,FAB Award Nominee (2014)
12970552,Deutscher Jugendliteraturpreis for Preis der Jugendjury (2013)
12970552,Pennsylvania Young Readers' Choice Award for Young Adults (2013)
12970552,California Young Readers Medal for Young Adult (2015)
12970552,Rhode Island Teen Book Award (2014)
12970552,West Australian Young Readers' Book Award (WAYRBA) for Older Readers (2013)
12970552,Oklahoma Sequoyah Award for High School (2015)
12970552,Goodreads Choice Award for Young Adult Fiction (2012) and Nominee for Best of the Best  (2018)
12970552,Odyssey Award (2013)
12970552,Green Mountain Book Award (2014)
12970552,Evergreen Teen Book Award (2015)
12970552,The Inky Awards Shortlist for Silver Inky (2012)
12970552,Alabama Author Award for Young Adult (2013)
12970552,Soaring Eagle Book Award (2014)
12970552,Lincoln Award (2014)
12970552,Buxtehuder Bulle (2012)
12970552,Milwaukee County Teen Book Award (2013)
12970552,Indies Choice Book Award for Young Adult (2013)
12970552,Dioraphte Jongerenliteratuurprijs for vertaald boek en publieksprijs (2013)
12970552,Amelia Elizabeth Walden Award (2013)
12970552,Georgia Peach Book Award (2013)
12970552,The Inky Awards for Silver Inky (2012)
12995406,
13068756,Romantic Times Reviewers' Choice Award (RT Award) for Young Adult Protagonist (2011)
13068756,Goodreads Choice Award for Young Adult Fantasy and Goodreads Author (2012)
13101912,Lincoln Award Nominee (2015)
13101912,Goodreads Choice Award Nominee for Young Adult Fantasy &amp; Science Fiction (2012)
13330943,Goodreads Choice Award Nominee for Best Fantasy and for Favorite Book (2011)
13330943,The Kitschies Nominee for Golden Tentacle (Debut) (2011)
13330943,Locus Award for Best First Novel (2012)
13330943,Guardian First Book Award Nominee for Longlist (2011)
13330943,International Dublin Literary Award Nominee (2013)
13330943,ALA Alex Award (2012)
13330943,Lincoln Award Nominee (2014)
13330943,Orange Prize Nominee for Fiction Longlist (2012)
13330943,Mythopoeic Fantasy Award Nominee for Adult Literature (2012)
13455782,Arab American Book Award Nominee for Children's/Young Adult (2013)
13510444,Books I Loved Best Yearly (BILBY) Awards for Older Readers (2002)
13510444,Prometheus Hall of Fame Award (2009)
13510444,Prix du Meilleur Livre Étranger for Roman (1972)
13510444,Nynorsk litteraturpris (2006)
13510444,International Fantasy Award for Fiction (1957)
13510444,Hugo Award Nominee for Best All-Time Series (1966)
13513038,Publieksprijs voor het Nederlandse Boek Nominee (2002)
13613374,Goodreads Choice Award for Middle Grade &amp; Children's (2012)
15708993,Locus Award for Best Fantasy Novel (1978)
15708993,Gandalf Award (1978)
15708993,Ditmar Award for Best International Long Fiction (1978)
15709778,
15749201,PEN/Faulkner Award for Fiction Nominee (2001)
15749201,Pulitzer Prize for Fiction (2001)
15749201,National Book Critics Circle Award Nominee for Fiction (2000)
15749201,Gaylactic Spectrum Award Nominee for Best Novel (2001)
15749201,California Book Award for Fiction (Gold) (2000)
15749201,New York City Book Award for Fiction (2000)
15749887,Goodreads Choice Award Nominee for Young Adult Fiction and for Goodreads Author (2011)
15753977,Milwaukee County Teen Book Award Nominee (2013)
15753977,Rhode Island Teen Book Award Nominee (2013)
15753977,Missouri Truman Readers Award (2014)
15753977,Rebecca Caudill Young Readers' Book Award (2015)
15753977,The Inky Awards Nominee for Silver Inky (2012)
15753977,Goodreads Choice Award Nominee for Young Adult Fantasy &amp; Science Fiction and for Goodreads Author (2012)
15753977,Lincoln Award Nominee (2014)
15753977,California Young Readers Medal Nominee for Young Adult (2015)
15795357,Deutscher Jugendliteraturpreis Nominee for Jugendbuch (2016)
15795357,The Magnolia Award for 9-12 (2015)
15795357,DABWAHA Romance Tournament Nominee for Best Young Adult Romance (2014)
15795357,Goodreads Choice Award for Young Adult Fiction (2013) and Nominee for Best of the Best  (2018)
15795357,Green Mountain Book Award Nominee (2015)
15795357,Premio El Templo de las Mil Puertas Nominee for Mejor novela extranjera independiente (2013)
15795357,North Carolina Young Adult Book Award for High School (2016)
15795357,Odyssey Award Nominee (2014)
15795357,Dioraphte Jongerenliteratuurprijs for vertaald boek (2015)
15795357,Amelia Elizabeth Walden Award (2014)
15795357,Boston Globe-Horn Book Award for Fiction (2013)
15795357,All About Romance (AAR) Annual Reader Poll for Best Young Adult Romance (2014)
15795357,California Young Readers Medal Nominee for Young Adult (2016)
15795357,Lincoln Award (2015)
15795357,Milwaukee County Teen Book Award (2014)
15795357,Michigan Library Association Thumbs Up! Award (2014)
15795357,Pennsylvania Young Readers' Choice Award for Young Adults (2015)
15795357,Georgia Peach Book Award (2014)
15795357,Rhode Island Teen Book Award (2015)
15795357,Missouri Gateway Readers Award Nominee (2016)
15795357,Michael L. Printz Award Nominee (2016)
15802147,
15803417,Lewis Carroll Shelf Award (1968)
15806216,
15823480,PEN Translation Prize for Richard Pevear &amp; Larissa Volokhonsky (2002)
15833451,
15844362,Goodreads Choice Award Nominee for Young Adult Fantasy &amp; Science Fiction (2014)
15845322,
15845364,
15848107,Independent Publisher Book Award (IPPY) for Audio Fiction - Abridged (1999)
16034235,Lincoln Award Nominee (2015)
16034235,North Carolina Young Adult Book Award for High School (2015)
16034235,Goodreads Choice Award Nominee for Young Adult Fantasy &amp; Science Fiction (2012)
16058947,
16064673,
16095003,
16173514,Pulitzer Prize for Novel (1932)
16173514,William Dean Howells Medal (1935)
16692883,
17156082,
17157434,Phoenix Award (Children's Literature Association) (2006)
17157434,Boston Globe-Horn Book Award (1987)
17204679,
17264061,
17280346,Goodreads Choice Award Nominee for Young Adult Fiction (2009)
17280346,Audie Award for Paranormal (2011)
17280346,William C. Morris YA Debut Award Nominee (2010)
17280346,Georgia Peach Book Award Nominee for Honor book (2011)
17280346,California Young Readers Medal Nominee for Young Adult (2013)
17286849,Milwaukee County Teen Book Award Nominee (2015)
17286849,The Inky Awards Nominee for Silver Inky (2015)
17286849,Premio El Templo de las Mil Puertas Nominee for Mejor novela extranjera independiente (2014)
17286849,Lincoln Award Nominee (2016)
17286849,Goodreads Choice Award Nominee for Young Adult Fiction (2013)
17306020,
17315727,Lincoln Award Nominee (2015)
17315727,The Inky Awards Nominee for Silver Inky (2013)
17315727,Goodreads Choice Award Nominee for Best Young Adult Fantasy &amp; Science Fiction (2013)
17315727,Missouri Gateway Readers Award (2016)
17315727,Oklahoma Sequoyah Award for High School (2016)
17315727,Premio El Templo de las Mil Puertas Nominee for Mejor novela extranjera perteneciente a saga (2013)
17315727,Milwaukee County Teen Book Award Nominee (2014)
17315727,Green Mountain Book Award Nominee (2015)
17315727,Keystone to Reading Book Award Nominee for High School (2015)
17315727,Louisiana Teen Readers' Choice (2016)
17315727,South Carolina Book Award for Young Adult (2016)
17315727,Georgia Peach Book Award Nominee for Honor book (2014)
17315727,Evergreen Teen Book Award (2016)
17315727,Carnegie Medal Nominee (2014)
17339177,
17347634,Goodreads Choice Award Nominee for Fiction (2013)
17401120,
17453983,Cybils Award Nominee for Young Adult Fiction (2011)
17453983,Milwaukee County Teen Book Award Nominee (2012)
17453983,"Goodreads Choice Award Nominee for Goodreads Author, Young Adult Fiction  (2010)"
17453983,Georgia Peach Book Award Nominee for Honor book (2012)
17453983,The Inky Awards Nominee for Silver Inky (2011)
17453983,Lincoln Award Nominee (2013)
17453983,Pennsylvania Young Readers' Choice Award Nominee for Young Adults (2013)
17470674,Retro Hugo Award for Best Novel (2004)
17470674,California Book Award for Fiction (Silver) (1953)
17470674,Geffen Award for Best Translated SF Book (2002)
17470674,Prometheus Hall of Fame Award (1984)
17701166,Goodreads Choice Award for Middle Grade &amp; Children's (2013)
17728412,
17792189,
18008756,
18073799,Lewis Carroll Shelf Award (1958)
18073799,Australian Book Industry Award (ABIA) Nominee for Older Children (ages 8-14) (2008)
18144590,Corine Internationaler Buchpreis for Belletristik (2002)
18144590,NBDB National Book Award Nominee for Translation (2015)
18144590,Premio Grinzane Cavour for Narrativa Straniera (1996)
18144590,Grand Prix des lectrices de Elle for roman (1995)
18172068,
18401393,Green Mountain Book Award Nominee (2016)
18401393,ITW Award Nominee for Best First Novel (2015)
18401393,Seiun Award 星雲賞 for Best Foreign Novel (2015)
18401393,Goodreads Choice Award for Science Fiction &amp; Nominee for Debut Goodreads Author (2014) and Nominee for Best of the Best  (2018)
18401393,John W. Campbell Memorial Award Nominee for Best Science Fiction Novel (2015)
18401393,ALA Alex Award (2015)
18401393,本屋大賞 Nominee for Translated Fiction (2015)
18401393,Premio Ignotus for Mejor novela extranjera (Best Foreign Novel) (2015)
18401393,Kurd-Laßwitz-Preis for Bestes ausländisches Werk (Best Foreign Work) (2015)
18401393,Audie Award for Science Fiction (2015)
18619999,Puddly Award for Fiction (2011)
18619999,Exclusive Books Boeke Prize (2009)
18619999,Grand Prix des lectrices de Elle for roman (2011)
18619999,Audie Award for Fiction (2010)
18619999,Orange Prize Nominee for Fiction Longlist (2010)
18619999,SIBA Book Award for Fiction (2010)
18619999,Goodreads Choice Award for Fiction (2009) and Nominee for Best of the Best  (2018)
18619999,Townsend Prize for Fiction (2010)
18619999,Indies Choice Book Award for Adult Debut (2010)
18619999,Lincoln Award Nominee (2013)
18626824,Goodreads Choice Award Nominee for Romance (2011)
18626824,All About Romance (AAR) Annual Reader Poll for Best Erotic Romance (tie) (2012)
18626824,Australian Book Industry Award (ABIA) for International Book (2013)
18626828,Locus Award for Best Fantasy Novel (2012)
18626828,Hugo Award Nominee for Best Novel (2012)
18626828,Goodreads Choice Award for Fantasy and Nominee for Favorite Book (2011) and Nominee for Best of the Best  (2018)
18626828,British Fantasy Award Nominee for Best Novel (2012)
18626828,World Fantasy Award Nominee for Best Novel (2012)
18626828,SFX Award for Best Novel (2012)
18626829,Hugo Award Nominee for Best Novel (2006)
18626829,Locus Award Nominee for Best Fantasy Novel (2006)
18626857,
18626858,Cybils Award for Young Adult Fantasy &amp; Science Fiction (2008)
18626858,Iowa High School Book Award (2011)
18626858,Buxtehuder Bulle (2009)
18626858,Sakura Medal for Middle School Book (2010)
18626858,The Inky Awards for Silver Inky (2009)
18626858,Dorothy Canfield Fisher Children's Book Award (2010)
18626858,Soaring Eagle Book Award (2009)
18626858,Prix Et-lisez-moi (2011)
18626858,Florida Teens Read (2009)
18626858,Grand Prix de l'Imaginaire Nominee for Roman jeunesse étranger (2010)
18626858,Georgia Peach Book Award (2009)
18626858,Evergreen Teen Book Award (2011)
18626858,Missouri Truman Readers Award (2011)
18626858,Charlotte Award (2010)
18626858,Michigan Library Association Thumbs Up! Award (2009)
18626858,Rebecca Caudill Young Readers' Book Award (2011)
18626858,The Inky Awards Shortlist for Silver Inky (2009)
18626858,Pennsylvania Young Readers' Choice Award for Young Adults (2010)
18626858,Deutscher Jugendliteraturpreis for Preis der Jugendjury (2010)
18626858,California Young Readers Medal for Young Adult (2011)
18626858,Milwaukee County Teen Book Award Nominee (2010)
18626858,Teen Buckeye Book Award (2009)
18626858,Rhode Island Teen Book Award (2010)
18626858,West Australian Young Readers' Book Award (WAYRBA) for Older Readers (2010)
18626858,Red House Children's Book Award for Older Readers &amp; Overall (2010)
18626858,Literaturpreis der Jury der jungen Leser for Jugendbuch (2010)
18626858,Missouri Gateway Readers Award (2011)
18626858,Lincoln Award (2011)
18626858,South Carolina Book Award for Junior and Young Adult Book (2011)
18626858,New Mexico Land of Enchantment Award for Young Adult (2011)
18626858,Locus Award Nominee for Best Young Adult Book (2009)
18626858,Eliot Rosewater Indiana High School Book Award (2010)
18626858,Golden Duck Award for Young Adult (Hal Clement Award) (2009)
18626858,Kinderboekwinkelprijs (2010)
18626858,Oklahoma Sequoyah Award for High School and Intermediate (2011)
18626858,Colorado Blue Spruce Young Adult Book Award (2010)
18626858,Premio El Templo de las Mil Puertas for Mejor novela extranjera perteneciente a saga (2009)
18626858,Books I Loved Best Yearly (BILBY) Awards for Older Readers (2012)
18629142,Goodreads Choice Award for Young Adult Fantasy (2014)
18629142,Premio El Templo de las Mil Puertas Nominee for Mejor novela extranjera perteneciente a saga (2014)
18686935,
18846563,Goodreads Choice Award Nominee for Young Adult Fantasy &amp; Science Fiction (2013)
18882869,Luisterboek Award Nominee (2015)
19010711,Samuel Johnson Prize for Non-Fiction Nominee (2008)
19010711,Ryszard Kapuściński Prize Nominee (2009)
19010711,Stanford Dolman Travel Book of the Year Nominee (2008)
19438058,National Book Award Finalist Nominee for Contemporary Affairs (1975)
20494944,Pulitzer Prize for Fiction (1986)
20494944,Spur Award for Best Western Novel (1985)
20494944,PEN/Faulkner Award for Fiction Nominee (1986)
20494944,National Book Critics Circle Award Nominee for Fiction (1985)
20562717,Tähtifantasia Award Nominee (2011)
20562717,Compton Crook Award Nominee (2008)
20562717,Grand Prix de l'Imaginaire Nominee for Roman étranger and Traduction (2010)
20562717,Sakura Medal for High School Book (2009)
20562717,Premio Ignotus Nominee for Mejor novela extranjera (Best Foreign Novel) (2010)
20562717,Locus Award Nominee for Best First Novel and Best Fantasy Novel (2008)
20562717,ALA Alex Award (2008)
20562717,The Quill Award for Science Fiction/Fantasy/Horror (2007)
20603758,John W. Campbell Memorial Award Nominee (2012)
20603758,Mary Shelley Award for Outstanding Fictional Work (2016)
20603758,Green Mountain Book Award Nominee (2015)
20603758,Seiun Award 星雲賞 Nominee for Best Translated Novel (2015)
20603758,Locus Award Nominee for Best First Novel (2012)
20603758,ALA Alex Award (2012)
20603758,Lincoln Award Nominee (2014)
20603758,Goodreads Choice Award Nominee for Science Fiction and for Favorite Book (2011)
20603758,Tähtivaeltaja Award Nominee (2013)
20603758,Prometheus Award for Best Novel (2012)
21160173,
21523063,James Tait Black Memorial Prize for Fiction (1934)
21523063,Audie Award for Audio Drama (2012)
21523063,Hawthornden Prize (1935)
22024583,Alabama Author Award for Fiction (1961)
22024583,Pulitzer Prize for Fiction (1961)
22024583,Audie Award for Classic (2007)
22024583,National Book Award Finalist for Fiction (1961)
22027266,Deutscher Jugendliteraturpreis for Kinderbuch (1985)
22027266,Red House Children's Book Award (1983)
22027266,West Australian Young Readers' Book Award (WAYRBA) for Younger Readers (1985)
22027266,Zilveren Griffel (1984)
22027266,"Books I Loved Best Yearly (BILBY) Awards for Read Aloud, Read Alone (1991)"
22044026,
22084431,
22294935,Premio El Templo de las Mil Puertas for Mejor novela extranjera perteneciente a saga (2016)
22294935,Rhode Island Teen Book Award Nominee (2018)
22294935,Milwaukee County Teen Book Award Nominee (2017)
22294935,Missouri Gateway Readers Award Nominee (2017)
22294935,Goodreads Choice Award Nominee for Young Adult Fantasy &amp; Science Fiction (2015)
22294935,Lincoln Award (2018)
22294935,Pennsylvania Young Readers' Choice Award Nominee for Young Adults (2017)
22294935,Hea Noorteraamat (2017)
22294935,Evergreen Teen Book Award Nominee (2018)
22818666,RITA Award by Romance Writers of America for Best Young Adult Romance &amp; Nominee for First Book (2011)
22818666,"Goodreads Choice Award Nominee for Young Adult Fantasy, Debut Author, Goodreads Author (2010)"
24731740,
24916066,Massachusetts Children's Book Award (1984)
24916066,George C. Stone Center for Children's Books Recognition of Merit Award (1970)
24916066,Laura Ingalls Wilder Award (1970)
24916066,Newbery Medal Nominee (1953)
25716554,
26028666,
26073150,Goodreads Choice Award for Young Adult Fantasy &amp; Science Fiction (2016) and Nominee for Best of the Best  (2018)
28137887,Publieksprijs voor het Nederlandse Boek (2001)
28137887,Hugo Award for Best Novel (2001)
28137887,West Australian Young Readers' Book Award (WAYRBA) for Younger Readers (2001)
28137887,Deutscher Bücherpreis for Publikumspreis
28137887,Corine Internationaler Buchpreis for Kinder- und Jugendbuch (2001)
28137887,Indian Paintbrush Book Award (2002)
28137887,Golden Archer Award for Middle/Junior High (2002)
28137887,Audie Award for Solo Narration - Male (2001)
28137887,Mythopoeic Fantasy Award for Children's Literature (2008)
28139880,British Book of the Year (2006)
28139880,Locus Award Nominee for Best Young Adult Novel (2006)
28139880,Audie (finalist) for Audiobook of the Year (2006)
28141183,Golden Archer Award for Middle/Junior High (2008)
28141183,British Book Award (1999)
28141183,Colorado Blue Spruce Young Adult Book Award (2008)
28141183,Prijs van de Jonge Jury (2002)
28141183,Nestlé Smarties Book Prize for 9–11 years (1998)
28141183,Books I Loved Best Yearly (BILBY) Awards for Older Readers (2006)
28141183,Mythopoeic Fantasy Award for Children's Literature (2008)
28143118,Locus Award Nominee for Best Young Adult Novel (2008)
28143118,Andre Norton Award (2007)
28143118,Audie Award for Solo Narration - Male (2008)
28143118,Carnegie Medal Nominee (2008)
28143118,Books I Loved Best Yearly (BILBY) Awards for Older Readers (2008)
28143118,Odyssey Award Nominee (2008)
28143118,Puddly Award for Fiction (2008)
28143118,Teen Read Award Nominee for Best All-Time-Fave (2010)
28143415,Maine Student Book Award (2001)
28143415,Nestlé Smarties Book Prize for 9–11 years (1999)
28143415,Soaring Eagle Book Award (2002)
28143415,Indian Paintbrush Book Award (2004)
28143415,Hugo Award Nominee for Best Novel (2000)
28143415,Locus Award for Best Fantasy Novel (2000)
28143415,Whitbread Award for Children's Book of the Year (1999)
28143415,Hotze de Roosprijs (2001)
28143415,Bram Stoker Award for Best Work for Young Readers (1999)
28143415,Books I Loved Best Yearly (BILBY) Awards for Older Readers (2005)
28143415,Golden Archer Award for Intermediate (2001)
28143415,Colorado Blue Spruce Young Adult Book Award (2004)
28143415,Mythopoeic Fantasy Award for Children's Literature (2008)
28253070,
28787664,Mythopoeic Fantasy Award for Children's Literature (2008)
29411529,Books I Loved Best Yearly (BILBY) Awards for Older Readers (2004)
29411529,Deutscher Jugendliteraturpreis Nominee for Preis der Jugendjury (2004)
29411529,Anthony Award for Young Adult (2004)
29411529,Bram Stoker Award for Works for Young Readers (2003)
29411529,Colorado Blue Spruce Young Adult Book Award (2006)
29411529,Carnegie Medal Nominee (2003)
29411529,Audie Award for Audiobook of the Year (2004)
29411529,Mythopoeic Fantasy Award for Children's Literature (2008)
29411529,Golden Archer Award for Middle/Junior High (2005)
29844228,California Book Award for Young Adult (Silver) (2007)
29844228,Missouri Gateway Readers Award (2010)
29844228,Oklahoma Sequoyah Award for High School (2010)
29844228,Deutscher Jugendliteraturpreis Nominee for Preis der Jugendjury (2010)
29844228,South Carolina Book Award for Young Adult Book (2010)
29844228,Lincoln Award (2013)
29844228,Georgia Peach Book Award Nominee for Honor book (2009)
30165203,World Fantasy Award Nominee for Best Novel (2002)
30165203,Locus Award for Best Fantasy Novel (2002)
30165203,Prix Bob Morane for roman traduit (2003)
30165203,Nebula Award for Best Novel (2002)
30165203,SFX Award for Best Novel (2002)
30165203,Geffen Award (2003)
30165203,British Fantasy Award Nominee for Best Novel (August Derlith Fantasy Award) (2002)
30165203,Grand Prix de l'Imaginaire Nominee for Roman étranger (2003)
30165203,International Horror Guild Award Nominee for Best Novel (2001)
30165203,Bram Stoker Award for Best Novel (2001)
30165203,Mythopoeic Fantasy Award Nominee for Adult Literature (2002)
30165203,Hugo Award for Best Novel (2002)
30165203,British Science Fiction Association Award Nominee for Best Novel (2001)
30236962,Book Sense Book of the Year Award for Best Adult Fiction (2006)
30236962,Hopwood Award for Novel in-progress (2003)
30236962,The Quill Award for Debut Author of the Year (2005)
30236962,Lord Ruthven Award for Fiction (2006)
30236962,International Horror Guild Award Nominee for Best Novel (2005)
30236985,Boston Author's Club Award (1998)
30236985,Book Sense Book of the Year Award for Adult Fiction (2001)
31685789,OLA Evergreen Award (2011)
31685789,UC Book of the Year (2014)
31685789,Goodreads Choice Award for Fiction (2010)
31685789,Lincoln Award Nominee (2014)
31685789,Eason Novel of the Year (2010)
31685789,Galaxy National Book Award for WHSmith Paperback of the Year (2011)
31685789,Rogers Writers' Trust Fiction Prize (2010)
31685789,Commonwealth Writers' Prize for Best Book in Caribbean and Canada (2011)
31685789,Orange Prize Nominee for Fiction Shortlist (2011)
31685789,ALA Alex Award (2011)
31685789,Trillium Book Award Nominee for English-language (2011)
31685789,Booker Prize Nominee (2010)
31685789,International Dublin Literary Award Nominee (2012)
31685789,Bord Gáis Energy Irish Book Award for Hughes &amp; Hughes Irish Novel of the Year (2010)
31685789,Indies Choice Book Award for Fiction (2011)
31685789,Canadian Booksellers Association Libris Award for Fiction Book (2011)
31685789,Pennsylvania Young Readers' Choice Award Nominee for Young Adults (2013)
32800812,Audie Award for Narration by the Author or Authors (2000)
33574273,Newbery Medal (1963)
33574273,Dorothy Canfield Fisher Children's Book Award Nominee (1964)
33574273,Oklahoma Sequoyah Award (1965)
33648131,
34068470,Премія імені Максима Рильського (1979)
34068470,National Book Award Finalist for Translation (1968)
34068470,Audie Award for Audio Drama (2009)
35031085,
35120530,"Audie Award for Fiction, Unabridged (2000)"
35341859,
35485895,National Book Award for Fiction (Hardcover) (1980)
35485895,National Book Critics Circle Award Nominee for Fiction (1979)
35545737,Iowa High School Book Award (2004)
36145593,Alabama Author Award for Fiction (1989)
36236124,Oregon Book Award for Fiction (1997)
36381037,Grand Prix de l'Imaginaire Nominee for Roman jeunesse étranger (2014)
36381037,Rhode Island Teen Book Award Nominee (2014)
36381037,Premio El Templo de las Mil Puertas Nominee for Mejor novela extranjera perteneciente a saga (2012)
36381037,California Young Readers Medal for Young Adult (2016)
36381037,Kalbacher Klapperschlange for Altersgruppe 7. - 9. Klasse (2015)
36381037,Goodreads Choice Award Nominee for Young Adult Fantasy &amp; Science Fiction and for Goodreads Author (2012)
36381037,Rebecca Caudill Young Readers' Book Award Nominee (2016)
36381037,Golden Duck Award for Young Adult (Hal Clement Award) (2013)
36381037,Pennsylvania Young Readers' Choice Award Nominee for Young Adults (2014)
36381037,Lincoln Award Nominee (2014)
36402034,Nebula Award Nominee for Best Novel (1968)
36576608,Nebula Award for Best Novel (1966)
36576608,Locus Award Nominee for All-Time Best Novel (36th in poll) (1975)
36576608,Hugo Award Nominee for Best Novel (1967)
36687263,Luisterboek Award (2009)
36687263,Prix des libraires du Québec for Lauréats hors Québec (2007)
38819529,Keith Barker Millennium Book Award
38819529,Books I Loved Best Yearly (BILBY) Awards for Older Readers (1997)
38819529,Mythopoeic Scholarship Award for Inklings Studies (1990)
39280444,California Young Readers Medal Nominee for Young Adult (2003)
39280444,Dorothy Canfield Fisher Children's Book Award Nominee (2001)
39280444,National Book Award Finalist for Young People's Literature (1999)
39280444,Rhode Island Teen Book Award Nominee (2001)
39280444,Michael L. Printz Award Nominee (2000)
39280444,Evergreen Teen Book Award (2002)
39280444,Edgar Award Nominee for Best Young Adult (2000)
39280444,SCBWI Golden Kite Award for Fiction (1999)
39280444,South Carolina Book Award for Young Adult Book Award (2002)
39280444,Boston Globe-Horn Book Award (2000)
39280444,Oklahoma Sequoyah Award for YA (2002)
39280444,Lincoln Award Nominee (2005)
39776179,Nebula Award for Best Novel (1965)
39776179,Hugo Award for Best Novel (1966)
39776179,Seiun Award 星雲賞 for Best Foreign Novel (1974)
39832183,Indies Choice Book Award for Best Indie Buzz Book (Fiction) (2009)
39945240,
40495148,Premio San Clemente for Novela Estranxeira (1999)
40495148,International Dublin Literary Award Nominee (1999)
40605251,Locus Award for Best Fantasy Novel (1984)
40873273,Lincoln Award Nominee (2008)
40873273,Asian/Pacific American Award for Literature for Adult Fiction Honor (2005)
40873273,California Book Award for Fiction (Silver) (2005)
40874325,
40938263,
40940121,Lewis Carroll Shelf Award (1978)
40940121,Newbery Medal (1978)
40940121,Zilveren Griffel (1983)
40940121,California Young Readers Medal Nominee for Middle School/Junior High (1980)
40940121,Dorothy Canfield Fisher Children's Book Award Nominee (1979)
40961427,Locus Award Nominee for All-Time Best Science Fiction Novel (1987)
40961427,Prometheus Hall of Fame Award (1984)
41044096,Newbery Medal (1961)
41044096,Nene Award (1964)
41044096,Deutscher Jugendliteraturpreis for Jugendbuch (1963)
41044096,Lewis Carroll Shelf Award (1961)
41044096,Dorothy Canfield Fisher Children's Book Award Nominee (1962)
41637836,Audie Award for Children's Titles Ages 8-12 (2001)
41637836,North East Teenage Book Award Nominee (1999)
41817486,Prometheus Hall of Fame Award (2008)
42844155,Literaturpreis der Jury der jungen Leser for Kinderbuch (1999)
42844155,Grand Canyon Reader Award for Teen Book (2000)
42844155,Specsavers National Book Award for Children's Book of the Year (1998)
42844155,Nene Award (2000)
42844155,North East Teenage Book Award (1999)
42844155,South Carolina Book Award for Junior Book Award (2001)
42844155,Indian Paintbrush Book Award (2000)
42844155,British Book Award for Children's Book of the Year (1998)
42844155,Nestlé Smarties Book Prize for 9–11 years (1997)
42844155,Eliot Rosewater Indiana High School Book Award (2001)
42844155,Prijs van de Nederlandse Kinderjury for 6-9 jaar en 10-12 jaar (2002)
42844155,Charlotte Award (2000)
42844155,Golden Archer Award for Middle/Junior High (2000)
42844155,Carnegie Medal Nominee (1997)
42844155,Mythopoeic Fantasy Award for Children's Literature (2008)
42844155,Kinderboekwinkelprijs (1999)
42844155,Hotze de Roosprijs (2002)
42844155,Audie (finalist) for Children's Title (2000)
42844155,Nevada Young Readers' Award for Young Reader Category (2000)
42844155,Colorado Blue Spruce Young Adult Book Award (2001)
42844155,Washington State Sasquatch Award (2000)
42844155,Blue Hen Book Award for Chapter Book (2001)
42844155,Parenting Book of the Year Award (1998)
42844155,Massachusetts Children's Book Award (2000)
42844155,American Booksellers Book Of The Year  Award for Children (1999)
42844155,Rebecca Caudill Young Readers' Book Award (2001)
42844155,West Australian Young Readers' Book Award (WAYRBA) for Younger Readers (2000)
44451908,Books I Loved Best Yearly (BILBY) Awards for Secondary (1993)
46020761,
46025094,Pennsylvania Young Readers' Choice Award for Grades 6-8 (2008)
46025094,Lincoln Award Nominee (2009)
46025094,Rebecca Caudill Young Readers' Book Award (2009)
46025094,Young Readers' Choice Award (2008)
46025094,Books I Loved Best Yearly (BILBY) Awards for Older Readers (2011)
46025094,Nene Award (2008)
46025094,Rhode Island Teen Book Award Nominee (2007)
46025094,Oklahoma Sequoyah Award for YA (2008)
46025094,Sunshine State Young Readers Award for Grades 6-8 (2007)
46025094,South Carolina Book Award for Junior Book Award (2008)
46025094,Iowa Teen Award (2009)
46025094,Massachusetts Children's Book Award (2008)
46025094,Grand Canyon Reader Award for Tween Book (2008)
46025094,Pacific Northwest Library Association Young Reader's Choice Award for Intermediate (2008)
47440429,
